{
  "entrypoints": [
    "main"
  ],
  "origins": {
    "237": [
      237
    ],
    "17896441": [
      869,
      401
    ],
    "main": [
      354,
      869,
      792
    ],
    "runtime~main": [
      792,
      869,
      354
    ],
    "083d4c11": [
      975
    ],
    "0c13afd8": [
      581
    ],
    "13b969d3": [
      480
    ],
    "17fed5b0": [
      907
    ],
    "19e3bf4a": [
      980
    ],
    "21ad8a3e": [
      42
    ],
    "22dd74f7": [
      567
    ],
    "30cfaba8": [
      431
    ],
    "33749f60": [
      123
    ],
    "3904955f": [
      348
    ],
    "419a79e9": [
      14
    ],
    "526ca703": [
      476
    ],
    "52bc6074": [
      448
    ],
    "5e95c892": [
      647
    ],
    "6080c6b0": [
      456
    ],
    "64e9fc4c": [
      973
    ],
    "8ab05b40": [
      345
    ],
    "9c2d914b": [
      385
    ],
    "a5946894": [
      831
    ],
    "a7bd4aaa": [
      98
    ],
    "a7cfc422": [
      917
    ],
    "a94703ab": [
      869,
      48
    ],
    "a9bbd065": [
      26
    ],
    "aba21aa0": [
      742
    ],
    "ac43fc78": [
      156
    ],
    "aebb16b5": [
      91
    ],
    "ba98cad1": [
      998
    ],
    "bf4c2dc5": [
      950
    ],
    "bfb9b866": [
      674
    ],
    "c5ee56af": [
      781
    ],
    "d138a5ca": [
      489
    ],
    "d642b977": [
      602
    ],
    "decad423": [
      663
    ],
    "f6d69ff8": [
      382
    ],
    "f790986c": [
      623
    ],
    "f7ca9cae": [
      540
    ],
    "styles": [
      48,
      354,
      401,
      792,
      869
    ]
  },
  "assets": {
    "14": {
      "js": [
        {
          "file": "assets/js/419a79e9.cbc75436.js",
          "hash": "a160681a1c026177",
          "publicPath": "/assets/js/419a79e9.cbc75436.js"
        }
      ]
    },
    "26": {
      "js": [
        {
          "file": "assets/js/a9bbd065.38843a9b.js",
          "hash": "d92977f498b8ffad",
          "publicPath": "/assets/js/a9bbd065.38843a9b.js"
        }
      ]
    },
    "42": {
      "js": [
        {
          "file": "assets/js/21ad8a3e.c91b1a6c.js",
          "hash": "678a2ed51cc5ccf8",
          "publicPath": "/assets/js/21ad8a3e.c91b1a6c.js"
        }
      ]
    },
    "48": {
      "js": [
        {
          "file": "assets/js/a94703ab.47cb32fa.js",
          "hash": "771cea76c26f890f",
          "publicPath": "/assets/js/a94703ab.47cb32fa.js"
        }
      ]
    },
    "91": {
      "js": [
        {
          "file": "assets/js/aebb16b5.9a9345f4.js",
          "hash": "dfe8231c7bbbca99",
          "publicPath": "/assets/js/aebb16b5.9a9345f4.js"
        }
      ]
    },
    "98": {
      "js": [
        {
          "file": "assets/js/a7bd4aaa.b7fcc4df.js",
          "hash": "e11a8b62238e38df",
          "publicPath": "/assets/js/a7bd4aaa.b7fcc4df.js"
        }
      ]
    },
    "123": {
      "js": [
        {
          "file": "assets/js/33749f60.21149166.js",
          "hash": "d31575b40e8bfd5f",
          "publicPath": "/assets/js/33749f60.21149166.js"
        }
      ]
    },
    "156": {
      "js": [
        {
          "file": "assets/js/ac43fc78.75f6ec57.js",
          "hash": "6cee444c62640f43",
          "publicPath": "/assets/js/ac43fc78.75f6ec57.js"
        }
      ]
    },
    "237": {
      "js": [
        {
          "file": "assets/js/237.5da63b43.js",
          "hash": "c7a76e66e728b584",
          "publicPath": "/assets/js/237.5da63b43.js"
        }
      ]
    },
    "345": {
      "js": [
        {
          "file": "assets/js/8ab05b40.1d733a6d.js",
          "hash": "f4887e8f12902b3b",
          "publicPath": "/assets/js/8ab05b40.1d733a6d.js"
        }
      ]
    },
    "348": {
      "js": [
        {
          "file": "assets/js/3904955f.6ea28a68.js",
          "hash": "4598cdc0c6806e2a",
          "publicPath": "/assets/js/3904955f.6ea28a68.js"
        }
      ]
    },
    "354": {
      "js": [
        {
          "file": "assets/js/runtime~main.b51a268b.js",
          "hash": "ee5f2539f33662ee",
          "publicPath": "/assets/js/runtime~main.b51a268b.js"
        }
      ]
    },
    "382": {
      "js": [
        {
          "file": "assets/js/f6d69ff8.a83e69ac.js",
          "hash": "d9cba3bae0d48251",
          "publicPath": "/assets/js/f6d69ff8.a83e69ac.js"
        }
      ]
    },
    "385": {
      "js": [
        {
          "file": "assets/js/9c2d914b.813adfdd.js",
          "hash": "925f360af18a033d",
          "publicPath": "/assets/js/9c2d914b.813adfdd.js"
        }
      ]
    },
    "401": {
      "js": [
        {
          "file": "assets/js/17896441.c8b781fb.js",
          "hash": "894c02cdcd402c0d",
          "publicPath": "/assets/js/17896441.c8b781fb.js"
        }
      ]
    },
    "431": {
      "js": [
        {
          "file": "assets/js/30cfaba8.06938772.js",
          "hash": "ff78c7c5f2a83e6f",
          "publicPath": "/assets/js/30cfaba8.06938772.js"
        }
      ]
    },
    "448": {
      "js": [
        {
          "file": "assets/js/52bc6074.3b235635.js",
          "hash": "8dcf603ccaa489e4",
          "publicPath": "/assets/js/52bc6074.3b235635.js"
        }
      ]
    },
    "456": {
      "js": [
        {
          "file": "assets/js/6080c6b0.ba10d6ef.js",
          "hash": "960a733a840c5189",
          "publicPath": "/assets/js/6080c6b0.ba10d6ef.js"
        }
      ]
    },
    "476": {
      "js": [
        {
          "file": "assets/js/526ca703.b6494d34.js",
          "hash": "653cc1802e34566d",
          "publicPath": "/assets/js/526ca703.b6494d34.js"
        }
      ]
    },
    "480": {
      "js": [
        {
          "file": "assets/js/13b969d3.e1333495.js",
          "hash": "ba891722aaa9aa13",
          "publicPath": "/assets/js/13b969d3.e1333495.js"
        }
      ]
    },
    "489": {
      "js": [
        {
          "file": "assets/js/d138a5ca.87cf25db.js",
          "hash": "211d0e328a571d31",
          "publicPath": "/assets/js/d138a5ca.87cf25db.js"
        }
      ]
    },
    "540": {
      "js": [
        {
          "file": "assets/js/f7ca9cae.d59f82d8.js",
          "hash": "0bc24c8a5fca8ec3",
          "publicPath": "/assets/js/f7ca9cae.d59f82d8.js"
        }
      ]
    },
    "567": {
      "js": [
        {
          "file": "assets/js/22dd74f7.9370a401.js",
          "hash": "48af05febc7be6a9",
          "publicPath": "/assets/js/22dd74f7.9370a401.js"
        }
      ]
    },
    "581": {
      "js": [
        {
          "file": "assets/js/0c13afd8.196b9afc.js",
          "hash": "c170a11a63a464bc",
          "publicPath": "/assets/js/0c13afd8.196b9afc.js"
        }
      ]
    },
    "602": {
      "js": [
        {
          "file": "assets/js/d642b977.f757c4e3.js",
          "hash": "0f147db07e913ab3",
          "publicPath": "/assets/js/d642b977.f757c4e3.js"
        }
      ]
    },
    "623": {
      "js": [
        {
          "file": "assets/js/f790986c.af50981d.js",
          "hash": "3ef0077d20a880da",
          "publicPath": "/assets/js/f790986c.af50981d.js"
        }
      ]
    },
    "647": {
      "js": [
        {
          "file": "assets/js/5e95c892.3c07df38.js",
          "hash": "8c9a7e5c7c8c94f9",
          "publicPath": "/assets/js/5e95c892.3c07df38.js"
        }
      ]
    },
    "663": {
      "js": [
        {
          "file": "assets/js/decad423.03a77f0b.js",
          "hash": "b0be7a83f5a301bd",
          "publicPath": "/assets/js/decad423.03a77f0b.js"
        }
      ]
    },
    "674": {
      "js": [
        {
          "file": "assets/js/bfb9b866.53d41fd2.js",
          "hash": "91d9146e3de2704a",
          "publicPath": "/assets/js/bfb9b866.53d41fd2.js"
        }
      ]
    },
    "742": {
      "js": [
        {
          "file": "assets/js/aba21aa0.2c7bbb02.js",
          "hash": "4f735bed3e00dce2",
          "publicPath": "/assets/js/aba21aa0.2c7bbb02.js"
        }
      ]
    },
    "781": {
      "js": [
        {
          "file": "assets/js/c5ee56af.f0327074.js",